{
  "version": 1,
  "author": "Arvind Patil",
  "editor": "wokwi",
  "parts": [
    { "type": "board-wemos-s2-mini", "id": "esp", "top": 75.74, "left": 24, "attrs": {} },
    {
      "type": "wokwi-led",
      "id": "led1",
      "top": -13.2,
      "left": -130.6,
      "attrs": { "color": "limegreen" }
    },
    {
      "type": "wokwi-led",
      "id": "led2",
      "top": -13.2,
      "left": -82.6,
      "attrs": { "color": "red" }
    },
    {
      "type": "wokwi-led",
      "id": "led3",
      "top": -13.2,
      "left": -34.6,
      "attrs": { "color": "orange" }
    },
    { "type": "wokwi-led", "id": "led4", "top": -13.2, "left": 23, "attrs": { "color": "blue" } },
    {
      "type": "wokwi-led",
      "id": "led5",
      "top": -13.2,
      "left": 80.6,
      "attrs": { "color": "white" }
    },
    {
      "type": "wokwi-led",
      "id": "led6",
      "top": -13.2,
      "left": 167,
      "attrs": { "color": "orange" }
    },
    {
      "type": "wokwi-led",
      "id": "led8",
      "top": -13.2,
      "left": 128.6,
      "attrs": { "color": "purple" }
    },
    {
      "type": "wokwi-led",
      "id": "led9",
      "top": -13.2,
      "left": 215,
      "attrs": { "color": "purple" }
    },
    {
      "type": "wokwi-led",
      "id": "led7",
      "top": -13.2,
      "left": -303.4,
      "attrs": { "color": "green" }
    },
    {
      "type": "wokwi-led",
      "id": "led10",
      "top": -13.2,
      "left": -255.4,
      "attrs": { "color": "blue" }
    },
    {
      "type": "wokwi-led",
      "id": "led11",
      "top": -13.2,
      "left": -217,
      "attrs": { "color": "magenta" }
    },
    {
      "type": "wokwi-led",
      "id": "led12",
      "top": -13.2,
      "left": -178.6,
      "attrs": { "color": "cyan" }
    },
    {
      "type": "wokwi-led",
      "id": "led13",
      "top": -13.2,
      "left": -553,
      "attrs": { "color": "magenta" }
    },
    {
      "type": "wokwi-led",
      "id": "led14",
      "top": -13.2,
      "left": -514.6,
      "attrs": { "color": "blue" }
    },
    {
      "type": "wokwi-led",
      "id": "led15",
      "top": -13.2,
      "left": -476.2,
      "attrs": { "color": "red" }
    },
    {
      "type": "wokwi-led",
      "id": "led16",
      "top": -13.2,
      "left": -437.8,
      "attrs": { "color": "cyan" }
    },
    {
      "type": "wokwi-led",
      "id": "led17",
      "top": -13.2,
      "left": -399.4,
      "attrs": { "color": "red" }
    },
    {
      "type": "wokwi-led",
      "id": "led18",
      "top": -13.2,
      "left": -361,
      "attrs": { "color": "yellow" }
    },
    {
      "type": "wokwi-led",
      "id": "led19",
      "top": -13.2,
      "left": -601,
      "attrs": { "color": "red" }
    },
    {
      "type": "wokwi-led",
      "id": "led20",
      "top": -13.2,
      "left": -649,
      "attrs": { "color": "green" }
    }
  ],
  "connections": [
    [ "led1:C", "led2:C", "green", [ "v19.2", "h38.8" ] ],
    [ "led2:C", "led3:C", "green", [ "v19.2", "h48.4" ] ],
    [ "led3:C", "led4:C", "green", [ "v19.2", "h38.8" ] ],
    [ "led4:C", "led5:C", "green", [ "v19.2", "h38.8" ] ],
    [ "led8:C", "led6:C", "green", [ "v19.2", "h38.8" ] ],
    [ "led6:C", "led9:C", "green", [ "v19.2", "h38.8" ] ],
    [ "led1:C", "esp:GND.1", "black", [ "v0" ] ],
    [ "esp:2", "led9:A", "orange", [ "h-48", "v-38.4", "h249.6", "v-9.6" ] ],
    [ "esp:4", "led6:A", "orange", [ "v0", "h38.4", "v-67.2", "h115.2" ] ],
    [ "esp:5", "led8:A", "orange", [ "v-19.2", "h-57.6", "v-38.4", "h192" ] ],
    [ "esp:6", "led5:A", "orange", [ "v0", "h28.8", "v-76.8" ] ],
    [ "esp:7(SCK)", "led4:A", "orange", [ "h-19.2", "v-76.8", "h19.2" ] ],
    [ "esp:8", "led3:A", "orange", [ "h19.2", "v105.6", "h-163.2", "v-192", "h96" ] ],
    [ "esp:9(MISO)", "led2:A", "orange", [ "h-67.2" ] ],
    [ "esp:10", "led1:A", "orange", [ "h-57.6", "v48", "h-76.8" ] ],
    [ "led5:C", "led8:C", "green", [ "v19.2", "h29.2", "v-19.2" ] ],
    [ "led7:C", "led10:C", "green", [ "v19.2", "h48.4" ] ],
    [ "led10:C", "led11:C", "green", [ "v19.2", "h29.2" ] ],
    [ "led11:C", "led12:C", "green", [ "v19.2", "h38.8" ] ],
    [ "led7:C", "led1:C", "black", [ "v48", "h134.8" ] ],
    [ "esp:11(MOSI)", "led12:A", "orange", [ "h-192" ] ],
    [ "esp:12", "led11:A", "orange", [ "h-67.2", "v-38.4", "h-163.2" ] ],
    [ "esp:13", "led10:A", "orange", [ "v19.2", "h-220.8" ] ],
    [ "esp:14", "led7:A", "orange", [ "v-9.6", "h-297.6" ] ],
    [ "led19:C", "led13:C", "green", [ "v38.4", "h38.8" ] ],
    [ "led13:C", "led14:C", "green", [ "v38.4", "h38.8" ] ],
    [ "led14:C", "led15:C", "green", [ "v38.4", "h38.8", "v-38.4" ] ],
    [ "led15:C", "led16:C", "green", [ "v38.4", "h38.8" ] ],
    [ "led16:C", "led17:C", "green", [ "v38.4", "h38.8" ] ],
    [ "led17:C", "led18:C", "green", [ "v38.4", "h38.8" ] ],
    [ "led18:A", "esp:15", "green", [ "v249.6", "h441.6" ] ],
    [ "led18:C", "led7:C", "green", [ "v48", "h58" ] ],
    [ "led17:A", "esp:16", "green", [ "v230.4", "h518.4", "v-115.2" ] ],
    [ "led16:A", "esp:17", "green", [ "v259.2", "h566.4", "v-144" ] ],
    [ "led15:A", "esp:18", "green", [ "v201.6", "h624", "v-86.4" ] ],
    [ "led14:A", "esp:21", "green", [ "v268.8", "h691.2", "v-172.8" ] ],
    [ "led13:A", "esp:33(SDA)", "green", [ "v0" ] ],
    [ "led19:A", "esp:34", "green", [ "v0" ] ],
    [ "led20:C", "led19:C", "green", [ "v48", "h29.2" ] ],
    [ "led20:A", "esp:35(SCL)", "green", [ "v0" ] ]
  ],
  "dependencies": {}
}