{
  "version": 1,
  "author": "Uri Shaked",
  "editor": "wokwi",
  "parts": [
    { "type": "board-wemos-s2-mini", "id": "uno", "top": 8.54, "left": 619.2, "attrs": {} },
    {
      "type": "wokwi-max7219-matrix",
      "id": "m1",
      "top": 39,
      "left": 228.24,
      "attrs": { "chain": "4" }
    }
  ],
  "connections": [
    [ "uno:5V", "m1:V+", "red", [ "v30", "*", "h50" ] ],
    [ "uno:11", "m1:DIN", "orange", [ "v-15", "*", "h30" ] ],
    [ "m1:V+", "uno:VBUS", "red", [ "h28.8", "v134.4", "h144", "v-86.4" ] ],
    [ "m1:GND", "uno:GND.1", "black", [ "h19.2", "v38.4" ] ],
    [ "uno:7(SCK)", "m1:CLK", "green", [ "h-9.6", "v67.2", "h-38.4" ] ],
    [ "uno:11(MOSI)", "m1:DIN", "green", [ "h0" ] ],
    [ "m1:CS", "uno:5", "green", [ "h-19.2", "v-48", "h48" ] ]
  ],
  "dependencies": {}
}